"32024801","3-32024801","昆山市","320583","昆山渡凡影城","花桥和丰路108号太平洋商业广场3楼","","电影院","250","31.287096384868928","121.1488151550293",,"0","null","风暴（数字３Ｄ）|3-001205962013;四大名捕２（数字３Ｄ）|3-001103052013;扫毒|3-001105232013;无人区|3-001105262013;双雄（原版）|3-074100842013;地心引力（原版３Ｄ）|3-051200982013","0","","","null","http://pic.spider.com.cn/pic/filmpic/jdt/1369627553287.jpg","null"
"32022501","3-32022501","昆山市","320583","昆山中影国际影城","花桥镇绿地大道255弄2号乐和城3F","","电影院","250","31.2936273","121.09149760000002",,"0","null","","0","","","null","http://pic.spider.com.cn/pic/filmpic/jdt/1361412514654.jpg","null"
"53012301","3-53012301","昆山市","320583","昆山保利文化艺术中心影城","昆山前进西路1850号","","电影院","250","31.3813173","120.90970219999997",,"0","null","地心引力（ＩＭＡＸ　３Ｄ）|3-051200982013;饥饿游戏２：星火燎原（ＩＭＡＸ）|3-051100992013","0","","","null","http://pic.spider.com.cn/pic/filmpic/jdt/1369271916778.jpg","null"
"31011901","3-31011901","上海市","310000","大光明影城-儿艺店","苗江路800号（近西藏南路）","","电影院","250","31.199717800000","121.498317700000",,"0","null","","0","","","null","http://pic.spider.com.cn/pic/filmpic/jdt/1378450274353.jpg","null"
"31113001","3-31113001","上海市","310000","海上国际影城-莘庄龙之梦","沪闵路6088号4楼","","电影院","250","31.1270496","121.39718340000002",,"0","null","四大名捕２（数字３Ｄ）|3-001103052013;风暴（数字３Ｄ）|3-001205962013;无人区|3-001105262013;地心引力（数字３Ｄ）|3-051200982013;扫毒|3-001105232013","0","","","null","http://pic.spider.com.cn/pic/filmpic/jdt/1346746659327.jpg","null"
"DX20002779","3-DX20002779","上海市","310000","上海连赢影城","上海市闵行区颛桥镇光华路1号","","电影院","250","31.0724930000","121.3987160000",,"0","null","四大名捕2（数字3D）|3-001103052013;风暴（数字3D）|3-001205962013;无人区|3-001105262013;扫毒|3-001105232013","0","","","null","http://pic.spider.com.cn/pic/filmpic/jdt/1386555483876.jpg","null"
"31081801","3-31081801","上海市","310000","万裕国际影城-天山店","天山路900号6楼","","电影院","250","31.211537","121.40516000000002",,"0","null","地心引力（原版３Ｄ）|3-051200982013;风暴（数字３Ｄ）|3-001205962013;无人区|3-001105262013;扫毒|3-001105232013","0","","","null","http://pic.spider.com.cn/pic/filmpic/jdt/1346726650622.jpg","null"
"M1801","3-M1801","上海市","310000","格里芬汽车影院","曲吴路429号（近虹梅南路，吴泾镇梦谷文化创意产业园）","","电影院","250","31.0545402","121.4557059",,"0","null","连映场次|3-20121219","0","","","null","http://pic.spider.com.cn/pic/filmpic/jdt/1367832504871.jpg","null"
"31090201","3-31090201","上海市","310000","四平电影院","四平路901号","","电影院","250","31.275121","121.50161500000001",,"0","null","地心引力（英语３Ｄ）|3-051200982013;风暴（数字３Ｄ）|3-001205962013;无人区|3-001105262013;四大名捕２（数字３Ｄ）|3-001103052013","0","","","null","http://pic.spider.com.cn/pic/filmpic/jdt/1346727216732.jpg","null"
"31011501","3-31011501","上海市","310000","新世界影城","南京西路2号12楼","","电影院","250","31.234796","121.47415000000001",,"0","null","风暴（３Ｄ）|3-001205962013;无人区|3-001105262013;饥饿游戏２：星火燎原|3-051100992013;地心引力（３Ｄ）|3-051200982013;四大名捕２（３Ｄ）|3-001103052013;扫毒|3-001105232013;赤焰战场２|3-051100902013","0","","","null","http://pic.spider.com.cn/pic/filmpic/jdt/1346728924233.jpg","null"
"31100101","3-31100101","上海市","310000","沪北电影院","洛川东路500号","","电影院","250","31.268154","121.45838900000001",,"0","null","四大名捕２（数字３Ｄ）|3-001103052013;扫毒|3-001105232013;风暴（数字３Ｄ）|3-001205962013;无人区|3-001105262013","0","","","null","http://pic.spider.com.cn/pic/filmpic/jdt/1359428236274.jpg","null"
"31050301","3-31050301","上海市","310000","曹杨影城","兰溪路125号","","电影院","250","31.238832","121.40552000000002",,"0","null","","0","","","null","http://pic.spider.com.cn/pic/filmpic/jdt/1346725614079.jpg","null"
"31020101","3-31020101","上海市","310000","国泰电影院","淮海中路870号","","电影院","250","31.217848","121.46141799999998",,"0","null","地心引力（数字３Ｄ）|3-051200982013;扫毒|3-001105232013;无人区|3-001105262013;风暴（数字３Ｄ）|3-001205962013;饥饿游戏２：星火燎原（|3-051100992013","0","","","null","http://pic.spider.com.cn/pic/filmpic/jdt/1346727355088.jpg","null"
"31182401","3-31182401","上海市","310000","上海保利国际影城-祥腾店","真南路4368弄1、2号中冶祥腾城市广场4层","","电影院","250","31.2959776","121.31973199999993",,"0","null","扫毒|3-001105232013;无人区|3-001105262013","0","","","null","http://pic.spider.com.cn/pic/filmpic/jdt/1361350370073.jpg","null"
"31010401","3-31010401","上海市","310000","新光影艺苑","宁波路586号","","电影院","250","31.236744","121.47663399999999",,"0","null","扫毒|3-001105232013","0","","","null","http://pic.spider.com.cn/pic/filmpic/jdt/1352340059613.jpg","null"
"31140106","3-31140106","上海市","310000","南桥电影院","南桥路333号","","电影院","250","30.915785","121.45464700000002",,"0","null","风暴（数字３Ｄ）|3-001205962013;森林战士（数字３Ｄ）|3-051201002013;四大名捕２（数字３Ｄ）|3-001103052013;无人区|3-001105262013","0","","","null","http://pic.spider.com.cn/pic/filmpic/jdt/1355109916192.jpg","null"
"31090902","3-31090902","上海市","310000","沪东工人文化宫","平凉路1500号","","电影院","250","31.264872","121.53918999999996",,"0","null","风暴（数字３Ｄ）|3-001205962013;无人区|3-001105262013;地心引力（数字３Ｄ）国语|3-051200982013;扫毒|3-001105232013","0","","","null","http://pic.spider.com.cn/pic/filmpic/jdt/1346729573459.jpg","null"
"31081701","3-31081701","上海市","310000","上海龙之梦影城","长宁路1018号龙之梦购物中心9楼","","电影院","250","31.218327","121.41711099999998",,"0","null","风暴（数字３Ｄ）|3-001205962013;扫毒|3-001105232013;地心引力（数字３Ｄ）|3-051200982013;四大名捕２|3-001103052013;无人区|3-001105262013;饥饿游戏２：星火燎原（|3-051100992013","0","","","null","http://pic.spider.com.cn/pic/filmpic/jdt/1364449450764.jpg","null"
"31142101","3-31142101","上海市","310000","海上国际影城-南桥百联","百齐路288号4楼","","电影院","250","30.91453449999999","121.48406980000004",,"0","null","风暴（数字３Ｄ）|3-001205962013;四大名捕２（数字３Ｄ）|3-001103052013;无人区|3-001105262013;扫毒|3-001105232013","0","","","null","http://pic.spider.com.cn/pic/filmpic/jdt/1360118740418.jpg","null"
"125","3-125","上海市","310000","星美国际影城-虹口国际店","海宁路330号","","电影院","250","31.250841","121.486036",,"0","null","风暴（数字３Ｄ）|3-001205962013;扫毒|3-001105232013;无人区|3-10997;四大名捕２（数字３Ｄ）|3-001103052013","0","","","null","http://pic.spider.com.cn/pic/filmpic/jdt/1346746733224.jpg","null"
"126","3-126","上海市","310000","星美国际影城-松江乐莫店","环城路555号3楼","","电影院","250","31.00967","121.254687",,"0","null","风暴（数字３Ｄ）|3-001205962013;四大名捕２（数字３Ｄ）|3-001103052013;无人区|3-10997","0","","","null","http://pic.spider.com.cn/pic/filmpic/jdt/1346746753364.jpg","null"
"127","3-127","上海市","310000","星美国际影城-浦东正大店","陆家嘴西路168号8楼","","电影院","250","31.237027","121.50048",,"0","null","风暴（数字３Ｄ）|3-001205962013;无人区|3-10997;饥饿游戏２：星火燎原（|3-051100992013;四大名捕2|3-001103052013;地心引力（数字3D）|3-051200982013","0","","","null","http://pic.spider.com.cn/pic/filmpic/jdt/1347328237202.jpg","null"
"DX20002760","3-DX20002760","上海市","310000","上海美亚影城","上海市嘉定区宝安公路3718号永润星辰3楼","","电影院","250","31.325437200000","121.265417400000",,"0","null","四大名捕2（数字3D）|3-001103052013;风暴（数字3D）|3-001205962013;无人区 国语|3-001105262013;扫毒（国语）|3-001105232013;地心引力（数字3D）|3-051200982013","0","","","null","http://pic.spider.com.cn/pic/filmpic/jdt/1380268473057.jpg","null"
"31193801","3-31193801","上海市","310000","上影国际影城-宝山店","：永清路700号 宝山体育中心一楼（永乐路6号门进）","","电影院","250","31.4243408","121.37230640000007",,"0","null","无人区|3-001105262013;四大名捕２　　３Ｄ|3-001103052013;风暴　　３Ｄ|3-001205962013","0","","","null","http://pic.spider.com.cn/pic/filmpic/jdt/1369640637639.jpg","null"
"DX20002634","3-DX20002634","上海市","310000","上影国际影城-江桥店","曹安公路2300弄288号新世界生活广场7号楼4楼","","电影院","250","31.261056","121.338569",,"0","null","风暴（数字3D）|3-001205962013;无人区|3-001105262013;扫毒|3-001105232013;饥饿游戏2：星火燎原（数字）|3-051100992013;四大名捕2（数字3D）|3-001103052013;地心引力（4D）|3-051200982013;双雄（英文数字）|3-074100842013","0","","","null","http://pic.spider.com.cn/pic/filmpic/jdt/1367488206171.jpg","null"
"31073101","3-31073101","上海市","310000","海上国际影城-港汇永华","虹桥路1号6楼","","电影院","250","31.19379","121.43780300000003",,"0","null","风暴（中文　３Ｄ）|3-001205962013;无人区（中／２Ｄ）|3-001105262013;地心引力（数字３Ｄ）|3-051200982013;森林战士（中文２Ｄ）|3-051201002013;扫毒（中文／２Ｄ）|3-001105232013;饥饿游戏２：星火燎原（英文　２Ｄ）|3-051100992013;四大名捕２（中文３Ｄ）|3-001103052013","0","","","null","http://pic.spider.com.cn/pic/filmpic/jdt/1346724272024.jpg","null"
"31113601","3-31113601","上海市","310000","上海世纪沪星影城","上海市闵行区沪星路289弄28号C座4楼","","电影院","250","31.1637318000","121.3357076000",,"0","null","","0","","","null","http://pic.spider.com.cn/pic/filmpic/jdt/1386298611873.jpg","null"
"31113501","3-31113501","上海市","310000","万裕国际影城-七宝店","漕宝路3489号（汇宝百货8楼）","","电影院","250","31.1562995","121.35122019999994",,"0","null","四大名捕２（３Ｄ）|3-001103052013;无人区|3-001105262013;风暴（数字３Ｄ）|3-001205962013;扫毒|3-001105232013","0","","","null","http://pic.spider.com.cn/pic/filmpic/jdt/1364290663920.jpg","null"
"31070901","3-31070901","上海市","310000","美罗城超极电影世界","肇家浜路1111号5楼","","电影院","250","31.193385","121.43951400000003",,"0","null","无人区|3-001105262013;风暴（数字３Ｄ）|3-001205962013;四大名捕２（数字３Ｄ）|3-001103052013;饥饿游戏２：星火燎原（|3-051100992013;扫毒|3-001105232013","0","","","null","http://pic.spider.com.cn/pic/filmpic/jdt/1347011048858.jpg","null"
"31162801","3-31162801","上海市","310000","开元地中海影剧院","新松江路927弄4042室","","电影院","250","31.038754","121.21865639999998",,"0","null","风暴（数字３Ｄ）|3-001205962013;四大名捕２（数字３Ｄ）|3-001103052013;无人区|3-001105262013;饥饿游戏２（原版）|3-051100992013;扫毒|3-001105232013","0","","","null","http://pic.spider.com.cn/pic/filmpic/jdt/1352087320488.jpg","null"
"31030201","3-31030201","上海市","310000","环艺电影城","南京西路1038号10楼","","电影院","250","31.229099","121.45596799999998",,"0","null","风暴（数字３Ｄ）|3-001205962013;扫毒（数字）|3-001105232013;饥饿游戏２：星火燎原（|3-051100992013;无人区（数字）|3-001105262013;地心引力（数字３Ｄ）|3-051200982013;四大名捕２（数字３Ｄ）|3-001103052013","0","","","null","http://pic.spider.com.cn/pic/filmpic/jdt/1360117253720.jpg","null"
"132","3-132","上海市","310000","星美国际影城-金山百联店","板桥西路189号3楼","","电影院","250","30.733389","121.346569",,"0","null","森林战士（数字３Ｄ）|3-051201002013;无人区|3-10997;四大名捕2|3-001103052013;风暴（数字３Ｄ）|3-001205962013","0","","","null","http://pic.spider.com.cn/pic/filmpic/jdt/1346746793830.jpg","null"
"31125601","3-31125601","上海市","310000","三林大光明影城","长清路507-517号3楼","","电影院","250","31.1615416","121.49084579999999",,"0","null","风暴（国语３Ｄ）|3-001205962013;四大名捕２（数字３Ｄ）|3-001103052013;扫毒|3-001105232013;无人区|3-001105262013;森林战士（３Ｄ／ＣＨ）|3-051201002013;地心引力（３Ｄ／ＥＮ）|3-051200982013","0","","","null","http://pic.spider.com.cn/pic/filmpic/jdt/1361945822205.jpg","null"
"DX20002792","3-DX20002792","上海市","310000","上海百美汇影城","静安区南京西路1551号嘉里中心N4-01","","电影院","250","31.226132400000","121.452060200000",,"0","null","扫毒|3-001105232013;风暴（数字3D）|3-001205962013;无人区|3-001105262013","0","","","null","http://pic.spider.com.cn/pic/filmpic/jdt/1383966052245.jpg","null"
"31163001","3-31163001","上海市","310000","上海左岸国际影城-松江店","松江区松汇中路568号鹿都沃尔玛广场4楼(近庙前街)","","电影院","250","31.004367400000","121.234239000000",,"0","null","风暴（数字３Ｄ）|3-001205962013;四大名捕２|3-001103052013;无人区|3-001105262013","0","","","null","http://pic.spider.com.cn/pic/filmpic/jdt/1376897457715.jpg","null"
"31071202","3-31071202","上海市","310000","梅陇文化馆","梅陇路415号","","电影院","250","31.138107","121.41912200000001",,"0","null","无人区|3-001105262013;地心引力（数字３Ｄ）英|3-051200982013","0","","","null","http://pic.spider.com.cn/pic/filmpic/jdt/1347244113490.jpg","null"
"31124201","3-31124201","上海市","310000","新世纪影城","张杨路501号10楼","","电影院","250","31.228009","121.51623300000005",,"0","null","风暴（数字３Ｄ）＃|3-001205962013;地心引力（３Ｄ原版）＃|3-051200982013;四大名捕２（数字３Ｄ）＃|3-001103052013","0","","","null","http://pic.spider.com.cn/pic/filmpic/jdt/1360117154145.jpg","null"
"DX20002749","3-DX20002749","上海市","310000","海上国际影城-月星环球港店","中山北路3300号环球港4楼","","电影院","250","31.2501802","121.43301859999997",,"0","null","扫毒|3-001105232013;无人区|3-001105262013;四大名捕2（中文 3D）|3-001103052013;地心引力（英文 4D）|3-051200982013;风暴（中文 3D）|3-001205962013","0","","","null","http://pic.spider.com.cn/pic/filmpic/jdt/1373528883377.jpg","null"
"31125401","3-31125401","上海市","310000","海艺数字影城","华佗路280弄31号（科苑路蔡伦路路口）","","电影院","250","31.19334649999999","121.59092899999996",,"0","null","森林战士（数字３Ｄ）|3-051201002013;风暴（数字３Ｄ）|3-001205962013;无人区|3-001105262013;地心引力（数字３Ｄ）|3-051200982013;扫毒|3-001105232013;四大名捕２|3-001103052013","0","","","null","http://pic.spider.com.cn/pic/filmpic/jdt/1361519819320.jpg","null"
"31070101","3-31070101","上海市","310000","新衡山电影院","衡山路838号","","电影院","250","31.197135","121.44089600000006",,"0","null","风暴（数字３Ｄ）|3-001205962013;四大名捕２|3-001103052013;无人区|3-001105262013;地心引力（数字３Ｄ）|3-051200982013;半生缘（胶片）|3-001100121996","0","","","null","http://pic.spider.com.cn/pic/filmpic/jdt/1346746710807.jpg","null"
"31073201","3-31073201","上海市","310000","西南影城","罗香路237号","","电影院","250","31.134562","121.43638399999997",,"0","null","风暴（３Ｄ）|3-001205962013;无人区|3-001105262013;四大名捕２（３Ｄ）|3-001103052013","0","","","null","http://pic.spider.com.cn/pic/filmpic/jdt/1360117608387.jpg","null"
"31124401","3-31124401","上海市","310000","中影国际影城-川沙店","川沙路5558号绿地东海岸广场6-7号楼3F","","电影院","250","31.1855291461","121.6959845791",,"0","null","风暴（数字３Ｄ）|3-001205962013;无人区|3-001105262013;扫毒|3-001105232013;地心引力（数字３Ｄ）原版|3-051200982013;四大名捕２（数字３Ｄ）|3-001103052013","0","","","null","http://pic.spider.com.cn/pic/filmpic/jdt/1359446750168.jpg","null"
"48","3-48","上海市","310000","七宝大光明影城","七莘路3655号凯德七宝购物广场3楼（家乐福楼上）","","电影院","250","31.164674","121.342488",,"0","null","四大名捕２（　数字３Ｄ）|3-001103052013;无人区|3-10997;风暴（数字３Ｄ）|3-001205962013","0","","","null","http://pic.spider.com.cn/pic/filmpic/jdt/1364289959781.jpg","null"
"31125001","3-31125001","上海市","310000","海上国际影城-喜玛拉雅","芳甸路1188弄7-8楼","","电影院","250","31.2107382","121.5622277",,"0","null","地心引力（数字３Ｄ）|3-051200982013;风暴（数字３Ｄ）|3-001205962013;无人区|3-001105262013;扫毒|3-001105232013;饥饿游戏２：星火燎原|3-051100992013;四大名捕２（数字３Ｄ）|3-001103052013","0","","","null","http://pic.spider.com.cn/pic/filmpic/jdt/1360117317805.jpg","null"
"31180207","3-31180207","上海市","310000","嘉定影剧院","城中路149号","","电影院","250","31.383199","121.24722399999996",,"0","null","四大名捕２（数字３Ｄ）|3-001103052013;风暴（数字３Ｄ）|3-001205962013;无人区|3-001105262013","0","","","null","http://pic.spider.com.cn/pic/filmpic/jdt/1346722833654.jpg","null"
"31124501","3-31124501","上海市","310000","世博国际影城","世博大道1200号6楼","","电影院","250","31.18693099999999","121.49254700000006",,"0","null","无人区|3-001105262013;地心引力（原版３Ｄ）|3-051200982013;饥饿游戏２（原版）|3-051100992013;扫毒|3-001105232013;风暴３Ｄ|3-001205962013","0","","","null","http://pic.spider.com.cn/pic/filmpic/jdt/1346725678241.jpg","null"
"31010101","3-31010101","上海市","310000","大光明电影院","南京西路216号（近黄河路）","","电影院","250","31.232993","121.47127",,"0","null","","0","","","null","http://pic.spider.com.cn/pic/filmpic/jdt/1359428798483.jpg","null"
"DX20002759","3-DX20002759","上海市","310000","上海百丽宫影城-环贸iapm店","淮海中路999号L6-1","","电影院","250","31.216019200000","121.457317800000",,"0","null","地心引力（数字IMAX3D）|3-051200982013;风暴（数字3D）|3-001205962013;扫毒|3-001105232013;无人区|3-001105262013","0","","","null","http://pic.spider.com.cn/pic/filmpic/jdt/1375679994982.jpg","null"
"31021401","3-31021401","上海市","310000","兰生影剧院","淮海中路8号兰生大厦5楼","","电影院","250","31.2256739","121.47994440000002",,"0","null","地心引力（数字３Ｄ）|3-051200982013;无人区|3-001105262013;风暴（数字３Ｄ）|3-001205962013;扫毒|3-001105232013","0","","","null","http://pic.spider.com.cn/pic/filmpic/jdt/1369206675903.jpg","null"
"31060202","3-31060202","上海市","310000","曲阳影都","曲阳路570号","","电影院","250","31.279976","121.49109900000007",,"0","null","无人区|3-001105262013;风暴（数字３Ｄ）|3-001205962013;地心引力（数字３Ｄ）|3-051200982013;扫毒|3-001105232013;四大名捕２（数字３Ｄ）|3-001103052013","0","","","null","http://pic.spider.com.cn/pic/filmpic/jdt/1346729613208.jpg","null"
"31182101","3-31182101","上海市","310000","橙天嘉禾影城-嘉尚坊店","江桥镇嘉怡路303号嘉尚坊3层A","","电影院","250","31.26352889999999","121.34776320000003",,"0","null","风暴（数字３Ｄ）|3-001205962013;无人区|3-001105262013;四大名捕２（数字３Ｄ）|3-001103052013;双雄（数字）|3-074100842013;扫毒|3-001105232013","0","","","null","http://pic.spider.com.cn/pic/filmpic/jdt/1363054939868.jpg","null"
"31081501","3-31081501","上海市","310000","上海影城","新华路160号","","电影院","250","31.202418","121.43012299999998",,"0","null","风暴（３Ｄ）|3-001205962013;无人区|3-001105262013;扫毒|3-001105232013;地心引力（３Ｄ原版）|3-051200982013;四大名捕２（３Ｄ）|3-001103052013","0","","","null","http://pic.spider.com.cn/pic/filmpic/jdt/1360117542087.jpg","null"
"31112701","3-31112701","上海市","310000","上海左岸国际影城-金汇店","闵行区金汇路528号世贸虹桥购物中心五层(近红松路)","","电影院","250","31.180745000000","121.373859000000",,"0","null","风暴（数字３Ｄ）|3-001205962013;四大名捕２（数字３Ｄ）|3-001103052013;无人区|3-001105262013;地心引力（数英３Ｄ）|3-051200982013;饥饿游戏２：星火燎原（英数）|3-051100992013;扫毒|3-001105232013","0","","","null","http://pic.spider.com.cn/pic/filmpic/jdt/1380161673382.jpg","null"
"31124701","3-31124701","上海市","310000","上海百丽宫影城-ifc商场店","世纪大道8号-1楼","","电影院","250","31.23636699999999","121.502432",,"0","null","无人区|3-001105262013;风暴（数字３Ｄ）|3-001205962013;扫毒|3-001105232013","0","","","null","http://pic.spider.com.cn/pic/filmpic/jdt/1360115887002.jpg","null"
"31190202","3-31190202","上海市","310000","宝山文化馆影剧院","牡丹江路1760号（宝钢商场北侧）","","电影院","250","31.405795","121.48139000000003",,"0","null","双雄（数字）|3-074100842013","0","","","null","http://pic.spider.com.cn/pic/filmpic/jdt/1360119183787.jpg","null"
"34011401","3-34011401","合肥市","340100","合肥嘉禾影院","合肥蜀山区长江西路与怀宁路交叉口，北京华联购物中心四层","","电影院","250","31.8551127","117.22280890000002",,"0","null","扫毒|3-001105232013;风暴（数字３Ｄ）|3-001205962013;四大名捕２（数字３Ｄ）|3-001103052013;无人区|3-001105262013","0","","","null","http://pic.spider.com.cn/pic/filmpic/jdt/1366708724925.jpg","null"
"34011001","3-34011001","合肥市","340100","合肥左岸国际影城","合肥市望江路与潜山路交口大唐国际购物中心四楼","","电影院","250","31.832195600000","117.231642600000",,"0","null","风暴（数字３Ｄ）|3-001205962013;四大名捕２（数字３Ｄ）|3-001103052013;无人区|3-001105262013;扫毒|3-001105232013","0","","","null","http://pic.spider.com.cn/pic/filmpic/jdt/1383724141261.jpg","null"
"34013101","3-34013101","合肥市","340100","博纳国际影城-合肥银泰店","长江中路98号银泰中心8F","","电影院","250","31.8622892","117.29259430000002",,"0","null","风暴（国语３Ｄ）|3-001205962013;扫毒（国语２Ｄ）|3-001105232013;四大名捕２（数中３Ｄ）|3-001103052013;无人区（国语２Ｄ）|3-001105262013","0","","","null","http://pic.spider.com.cn/pic/filmpic/jdt/1369734838404.jpg","null"
"34011801","3-34011801","合肥市","340100","正鼎国际电影城","瑶海区新站区铜陵北路与颖河路交口东侧","","电影院","250","31.858096000000","117.309471000000",,"0","null","四大名捕２（数字３Ｄ）|3-001103052013;风暴（数字３Ｄ）|3-001205962013;双雄（数字）|3-074100842013;扫毒|3-001105232013;无人区|3-001105262013","0","","","null","http://pic.spider.com.cn/pic/filmpic/jdt/1381905228790.jpg","null"
"DX20001202","3-DX20001202","合肥市","340100","合肥长江剧院","庐阳区九狮桥路10号","","电影院","250","31.8655245194","117.2902327562",,"0","null","无人区|3-001105262013;风暴（3D）|3-001205962013;四大名捕2（3D）|3-001103052013;地心引力（3D英文）|3-051200982013;扫毒|3-001105232013","0","","","null","http://pic.spider.com.cn/pic/filmpic/jdt/1370259040602.jpg","null"
"DX20001203","3-DX20001203","合肥市","340100","合肥解放电影院","庐阳区宿州路48号","","电影院","250","31.8632040883","117.2837200138",,"0","null","四大名捕2（数字3D）|3-001103052013;无人区（数字）|3-001105262013;风暴（数字3D）|3-001205962013","0","","","null","http://pic.spider.com.cn/pic/filmpic/jdt/1370259666225.jpg","null"
"DX20001204","3-DX20001204","合肥市","340100","合肥人民影城","庐阳区濉溪路16号(近北一环路)","","电影院","250","31.8821097116","117.2813357138",,"0","null","风暴（3D）|3-001205962013;无人区|3-001105262013;四大名捕2（3D）|3-001103052013;扫毒|3-001105232013","0","","","null","http://pic.spider.com.cn/pic/filmpic/jdt/1370259465656.jpg","null"
"33013401","3-33013401","杭州市","330100","杭州上影影城","藕花洲大街303号沃尔玛4楼","","电影院","250","30.4177990122","120.2941039821",,"0","null","扫毒　／动作悬疑犯罪|3-001105232013;风暴　３Ｄ／动作犯罪|3-001205962013;四大名捕２　３Ｄ／古装动作|3-001103052013;无人区　／剧情犯罪|3-001105262013","0","","","null","http://pic.spider.com.cn/pic/filmpic/jdt/1361864412230.jpg","null"
"32026101","3-32026101","苏州市","320500","苏艺影城-东沙湖店","4008-288-299","","电影院","250","31.332635200000","120.755589100000",,"0","null","无人区|3-001105262013;风暴（数字３Ｄ）|3-001205962013;四大名捕２（数字３Ｄ）|3-001103052013;森林战士（数字３Ｄ）|3-051201002013;扫毒|3-001105232013","0","","","null","http://pic.spider.com.cn/pic/filmpic/jdt/1381282835386.jpg","null"
"32021201","3-32021201","苏州市","320500","苏州文化艺术中心电影城","苏州工业园区观枫街1号","","电影院","250","31.3243129","120.70413889999997",,"0","null","四大名捕２（数字３Ｄ）|3-001103052013;扫毒|3-001105232013;无人区|3-001105262013;风暴（数字３Ｄ）|3-001205962013;双雄（数字）|3-074100842013","0","","","null","http://pic.spider.com.cn/pic/filmpic/jdt/1373533944151.jpg","null"
"32024501","3-32024501","苏州市","320500","苏州橙天嘉禾影城-来客茂店（系统升级暂停售票）","苏州市姑苏区桐泾北路218号4F","","电影院","250","31.298886000000","120.585316000000",,"0","null","","0","","","null","http://pic.spider.com.cn/pic/filmpic/jdt/1375672975266.jpg","null"
"32021302","3-32021302","苏州市","320500","苏州独墅湖影剧院","苏州工业园区星湖街555号","","电影院","250","31.266429","120.72584800000004",,"0","null","四大名捕２（数字３Ｄ）|3-001103052013;无人区|3-001105262013;扫毒|3-001105232013;风暴（数字３Ｄ）|3-001205962013;地心引力（数字３Ｄ）|3-051200982013","0","","","null","http://pic.spider.com.cn/pic/filmpic/jdt/1373936735018.jpg","null"
"32022601","3-32022601","苏州市","320500","苏州橙天嘉禾影城-吴江店","吴江经济开发区云梨路1099号汇金中央广场3楼","","电影院","250","31.137729000000","120.645222000000",,"0","null","风暴＊３Ｄ＊国语|3-001205962013;四大名捕２＊３Ｄ＊国语|3-001103052013;无人区＊国语|3-001105262013;扫毒＊国语|3-001105232013","0","","","null","http://pic.spider.com.cn/pic/filmpic/jdt/1375667908283.jpg","null"
"32021901","3-32021901","苏州市","320500","苏州橙天嘉禾影城-印象城店","苏州市工业园区现代大道1699号 印象城3F","","电影院","250","31.324249000000","120.681696000000",,"0","null","风暴（数字３Ｄ）|3-001205962013;无人区|3-001105262013;四大名捕２（数字３Ｄ）|3-001103052013;扫毒|3-001105232013","0","","","null","http://pic.spider.com.cn/pic/filmpic/jdt/1375666470772.jpg","null"
"44005201","3-44005201","广州市","440100","上影联和影城","江燕路108号4楼","","电影院","250","23.082283","113.27840000000003",,"0","null","无人区（国语）|3-001105262013;扫毒（粤语）|3-001105232013;风暴（３Ｄ粤语）|3-001205962013;四大名捕２（３Ｄ国语）|3-001103052013","0","","","null","http://pic.spider.com.cn/pic/filmpic/jdt/1359425987561.jpg","null"
"44008701","3-44008701","广州市","440100","左岸国际电影城","淞南路1号汇锦新天地D栋（罗冲围客运站旁）","","电影院","250","23.14966","113.22219500000005",,"0","null","四大名捕２（原声３Ｄ）|3-001103052013;无人区|3-001105262013;扫毒（粤语）|3-001105232013;风暴（原声３Ｄ）|3-001205962013","0","","","null","http://pic.spider.com.cn/pic/filmpic/jdt/1362725376123.jpg","null"
"44016101","3-44016101","广州市","440100","广州天河电影城","广州市天河路623号天娱广场西塔5楼天河电影城","","电影院","250","23.135420000000","113.340010000000",,"0","null","风暴（数字３Ｄ）|3-001205962013;无人区|3-001105262013;四大名捕２（数字３Ｄ）|3-001103052013;扫毒|3-001105232013","0","","","null","http://pic.spider.com.cn/pic/filmpic/jdt/1378449055179.jpg","null"
"44008001","3-44008001","广州市","440100","飞影电影城","东莞庄路30号","","电影院","250","23.158827","113.339725",,"0","null","风暴（数字３Ｄ）|3-001205962013;四大名捕２（数字３Ｄ）|3-001103052013;无人区|3-001105262013;扫毒|3-001105232013","0","","","null","http://pic.spider.com.cn/pic/filmpic/jdt/1348132780996.jpg","null"
"44015001","3-44015001","广州市","440100","中华广场电影城","广州市越秀区中山三路33号中华广场8楼","","电影院","250","23.125683","113.28249700000003",,"0","null","四大名捕２（３Ｄ）|3-001103052013;扫毒|3-001105232013;风暴（３Ｄ）|3-001205962013;地心引力（３Ｄ）|3-051200982013;无人区|3-001105262013","0","","","null","http://pic.spider.com.cn/pic/filmpic/jdt/1373605953191.jpg","null"
"44007301","3-44007301","广州市","440100","广州丽江影城","丽江花园渔人码头商饮中心三楼丽江影城","","电影院","250","23.035441","113.300614",,"0","null","扫毒|3-001105232013;无人区|3-001105262013;风暴（数字３Ｄ）|3-001205962013;四大名捕２（数字３Ｄ）|3-001103052013","0","","","null","http://pic.spider.com.cn/pic/filmpic/jdt/1369789940587.jpg","null"
"44008901","3-44008901","广州市","440100","中影国际影城-广州太阳新天地店","广州天河区珠江新城马场路36号太阳新天地购物中心8楼","","电影院","250","23.123525","113.34356100000002",,"0","null","扫毒|3-001105232013;风暴（数字３Ｄ）|3-001205962013;四大名捕２（数字３Ｄ）|3-001103052013;无人区|3-001105262013;地心引力（数字３Ｄ）|3-051200982013","0","","","null","http://pic.spider.com.cn/pic/filmpic/jdt/1372319270778.jpg","null"
"44008201","3-44008201","广州市","440100","华影万晟国际影城","逢源路153号3-5楼","","电影院","250","23.1208423","113.23891619999995",,"0","null","地心引力（数字３Ｄ）|3-051200982013;风暴（３Ｄ）粤语|3-001205962013;扫毒（粤语）|3-001105232013;饥饿游戏２：星火燎原（|3-051100992013;四大名捕２（数字３Ｄ）|3-001103052013;无人区|3-001105262013;森林战士（国语３Ｄ）|3-051201002013","0","","","null","http://pic.spider.com.cn/pic/filmpic/jdt/1345026310967.jpg","null"
"44009901","3-44009901","广州市","440100","广州星汇影城","广州市越秀区西湖路63号光明广场七楼","","电影院","250","23.121273000000","113.267597000000",,"0","null","风暴３Ｄ|3-001205962013;无人区|3-001105262013;扫毒|3-001105232013;四大名捕２|3-001103052013","0","","","null","http://pic.spider.com.cn/pic/filmpic/jdt/1378804349001.jpg","null"
"44007101","3-44007101","广州市","440100","橙天嘉禾广州影城","机场路云霄街353栋5号","","电影院","250","23.182578","113.302603",,"0","null","风暴（数字３Ｄ）|3-001205962013;无人区|3-001105262013;扫毒|3-001105232013;地心引力（数字３Ｄ）|3-051200982013;四大名捕２（数字３Ｄ）|3-001103052013","0","","","null","http://pic.spider.com.cn/pic/filmpic/jdt/1359426611406.jpg","null"
"44002801","3-44002801","广州市","440100","广州华影青宫电影城","广州市北京路312号青年文化宫二楼电影城","","电影院","250","23.124854000000","113.269005000000",,"0","null","扫毒|3-001105232013;四大名捕２（数字３Ｄ）|3-001103052013;风暴（数字３Ｄ）|3-001205962013","0","","","null","http://pic.spider.com.cn/pic/filmpic/jdt/1378804793212.jpg","null"
"44003301","3-44003301","广州市","440100","五月花电影城","中山五路68号6-7楼","","电影院","250","23.125601","113.26646000000005",,"0","null","扫毒|3-001105232013;风暴（３Ｄ）|3-001205962013;四大名捕２（３Ｄ）|3-001103052013","0","","","null","http://pic.spider.com.cn/pic/filmpic/jdt/1345030534393.jpg","null"
"44002602","3-44002602","广州市","440100","沙湾3D数字电影院","广州市番禺区沙湾镇大巷涌路66号沙湾文化中心","","电影院","250","22.9014624","113.3373808",,"0","null","地心引力（数字３Ｄ）|3-051200982013;风暴|3-001205962013;四大名捕２|3-001103052013","0","","","null","http://pic.spider.com.cn/pic/filmpic/jdt/1372299304708.jpg","null"
"44000201","3-44000201","广州市","440100","华影星美国际影城","环市西路133号D区2楼","","电影院","250","23.1432301","113.24343269999997",,"0","null","扫毒|3-001105232013;无人区|3-001105262013;风暴（数字３Ｄ）|3-001205962013;四大名捕２（数字３Ｄ）|3-001103052013","0","","","null","http://pic.spider.com.cn/pic/filmpic/jdt/1345024462613.jpg","null"
"44007501","3-44007501","广州市","440100","广州保利国际影城","建设大马路 18号 中环广场南楼 五层","","电影院","250","23.136126","113.28151200000002",,"0","null","扫毒|3-001105232013;无人区|3-001105262013","0","","","null","http://pic.spider.com.cn/pic/filmpic/jdt/1359427088517.jpg","null"
"44000802","3-44000802","广州市","440100","广州市一宫电影城","广州市越秀区文明路65号","","电影院","250","23.122369000000","113.271412000000",,"0","null","地心引力３Ｄ|3-051200982013;风暴３Ｄ|3-001205962013;双雄|3-074100842013;扫毒|3-001105232013;四大名捕２（３Ｄ）|3-001103052013;控制|3-001105202013","0","","","null","http://pic.spider.com.cn/pic/filmpic/jdt/1379924571124.jpg","null"
"44003401","3-44003401","广州市","440100","UME国际影城","宝岗大道498号","","电影院","250","23.09473","113.26605700000004",,"0","null","风暴（数字３Ｄ）|3-001205962013;四大名捕２（数字３Ｄ）|3-001103052013;扫毒（数字）|3-001105232013;地心引力（数字３Ｄ）|3-051200982013;饥饿游戏２：星火燎原（|3-051100992013;无人区（数字）|3-001105262013","0","","","null","http://pic.spider.com.cn/pic/filmpic/jdt/1348132756379.jpg","null"
"32011501","3-32011501","南京市","320100","南京上影国际影城","南京市草场门大街99号新城市广场三层","","电影院","250","32.058035000000","118.740858000000",,"0","null","无人区|3-001105262013;风暴（３Ｄ）|3-001205962013;四大名捕２（３Ｄ）|3-001103052013;扫毒|3-001105232013","0","","","null","http://pic.spider.com.cn/pic/filmpic/jdt/1381895182185.jpg","null"
"32014301","3-32014301","南京市","320100","海上国际影城-虹悦城店","应天大街619号4楼","","电影院","250","32.0113876","118.76416119999999",,"0","null","","0","","","null","http://pic.spider.com.cn/pic/filmpic/jdt/1359427907316.jpg","null"
"32014101","3-32014101","南京市","320100","幸福蓝海国际影城―大厂苏宁店","南京市六合区长冲街88号苏宁电器4F","","电影院","250","32.060255","118.796877",,"0","null","风暴（数字３Ｄ）|3-001205962013;四大名捕２（数字３Ｄ）|3-001103052013;青春派（数字）|3-00110078;扫毒|3-001105232013;无人区|3-001105262013","0","","","null","http://pic.spider.com.cn/pic/filmpic/jdt/1372138298822.jpg","null"
"11089901","3-11089901","北京市","110000","星空悠扬影城","西红门镇京良路10号乐家购物中心B区3层","","电影院","250","39.779102000000","116.295702200000",,"0","null","风暴（３Ｄ中）|3-001205962013;四大名捕２（３Ｄ）|3-001103052013;无人区|3-001105262013;扫毒|3-001105232013;地心引力（３Ｄ中）|3-051200982013;森林战士（３Ｄ中）|3-051201002013","0","","","null","http://pic.spider.com.cn/pic/filmpic/jdt/1381219762198.jpg","null"
"11040401","3-11040401","北京市","110000","北京搜秀影城","北京市东城区崇外大街40号搜秀城9、10层","","电影院","250","39.928353000000","116.416357000000",,"0","null","","0","","","null","http://pic.spider.com.cn/pic/filmpic/jdt/1377148128845.jpg","null"
"11089801","3-11089801","北京市","110000","北京博纳影城-通州店","杨庄北里52号华联天时名苑购物中心4楼(近通州北苑地铁站)","","电影院","250","39.9051563","116.63181129999998",,"0","null","无人区|3-001105262013;扫毒|3-001105232013;风暴（３Ｄ）|3-001205962013","0","","","null","http://pic.spider.com.cn/pic/filmpic/jdt/1365591947163.jpg","null"
"11063401","3-11063401","北京市","110000","北京橙天嘉禾影城-万柳店","北京市海淀区巴沟路2号华联万柳购物中心5层","","电影院","250","39.972191","116.294624",,"0","null","四大名捕２（数字３Ｄ）|3-001103052013;风暴（数字３Ｄ）|3-001205962013;无人区|3-001105262013","0","","","null","http://pic.spider.com.cn/pic/filmpic/jdt/1366707382542.jpg","null"
"11052101","3-11052101","北京市","110000","北京博纳影城-悠唐店","三丰北里2号楼悠唐生活广场B1层（朝阳门钱柜对面）","","电影院","250","39.92186561970434","116.43992900848388",,"0","null","风暴３Ｄ（数中）|3-001205962013;扫毒（中）|3-001105232013;无人区|3-001105262013;四大名捕２（数中３Ｄ）|3-001103052013","0","","","null","http://pic.spider.com.cn/pic/filmpic/jdt/1366687085269.jpg","null"
"11077901","3-11077901","北京市","110000","北京博纳影城-方庄店","蒲黄榆路28号芳群园一区","","电影院","250","39.864322","116.42223200000001",,"0","null","扫毒|3-001105232013;无人区|3-001105262013;风暴（３Ｄ）|3-001205962013;地心引力（３Ｄ英文）|3-051200982013;四大名捕２（３Ｄ）|3-001103052013","0","","","null","http://pic.spider.com.cn/pic/filmpic/jdt/1358765792163.jpg","null"
"11078801","3-11078801","北京市","110000","北京保利国际影城-大峡谷店","南三环西路16号首地大峡谷5楼","","电影院","250","39.855546","116.36765700000001",,"0","null","无人区|3-001105262013;地心引力（数英３Ｄ）|3-051200982013;四大名捕２（数字３Ｄ）|3-001103052013;风暴（数字３Ｄ）|3-001205962013","0","","","null","http://pic.spider.com.cn/pic/filmpic/jdt/1365599705634.jpg","null"
"11069701","3-11069701","北京市","110000","北京橙天嘉禾影城-吉彩店","海淀区玉海园5里22号","","电影院","250","39.959907000000","116.298045000000",,"0","null","四大名捕２（数字３Ｄ）|3-001103052013;风暴（数字３Ｄ）|3-001205962013;无人区|3-001105262013;扫毒|3-001105232013;森林战士（国语３Ｄ）|3-051201002013","0","","","null","http://pic.spider.com.cn/pic/filmpic/jdt/1377222696196.jpg","null"
"11021201","3-11021201","北京市","110000","首都电影院-西单大悦城店","北京市西城区西单北大街甲131号大悦城商场十层","","电影院","250","39.912965700000","116.373823500000",,"0","null","无人区|3-001105262013;风暴（数字３Ｄ）|3-001205962013;扫毒|3-001105232013;饥饿游戏２（英文）|3-051100992013;四大名捕２（数字３Ｄ）|3-001103052013","0","","","null","http://pic.spider.com.cn/pic/filmpic/jdt/1383096283989.jpg","null"
"11059201","3-11059201","北京市","110000","北京保利国际影城-北苑华贸店","朝阳区清苑路华贸天地B1楼(地铁13号线北苑站西北角)","","电影院","250","40.047310000000","116.432592000000",,"0","null","地心引力（数字３Ｄ英语）|3-051200982013;无人区|3-001105262013;风暴（数字３Ｄ）|3-001205962013;四大名捕２（数字３Ｄ）|3-001103052013;扫毒|3-001105232013;双雄（数字英语）|3-074100842013","0","","","null","http://pic.spider.com.cn/pic/filmpic/jdt/1378369190980.jpg","null"
"11083501","3-11083501","北京市","110000","北京保利国际影城-缤纷城店","金星西路3号绿地缤纷城四层","","电影院","250","39.7619512472","116.3289534346",,"0","null","地心引力（中文３Ｄ）|3-051200982013;四大名捕２（数字３Ｄ）|3-001103052013;无人区|3-001105262013;风暴（数字３Ｄ）|3-001205962013;扫毒|3-001105232013;森林战士（中文３Ｄ）|3-051201002013","0","","","null","http://pic.spider.com.cn/pic/filmpic/jdt/1359447036943.jpg","null"
"11071101","3-11071101","北京市","110000","北京保利国际影城-万源店","东高地万源北路航天万源广场五楼","","电影院","250","39.8035875","116.4241604",,"0","null","无人区|3-001105262013;扫毒|3-001105232013;风暴（数字３Ｄ）|3-001205962013;四大名捕２（数字３Ｄ）|3-001103052013","0","","","null","http://pic.spider.com.cn/pic/filmpic/jdt/1359447079906.jpg","null"
"11071201","3-11071201","北京市","110000","北京橙天嘉禾影城-上地店","北京市海淀区上地南口华联商厦4F","","电影院","250","40.034496","116.31175400000006",,"0","null","四大名捕２（数字３Ｄ）|3-001103052013;无人区（２Ｄ）国|3-001105262013;风暴（数字３Ｄ）|3-001205962013;扫毒２Ｄ国|3-001105232013;森林战士（数字３Ｄ英）|3-051201002013","0","","","null","http://pic.spider.com.cn/pic/filmpic/jdt/1366707728052.jpg","null"
"11056601","3-11056601","北京市","110000","北京保利科技馆影院","北辰东路5号中国科技馆新馆（鸟巢北侧）","","电影院","250","40.006054","116.39864",,"0","null","风暴（数字３Ｄ）|3-001205962013;地心引力（数字３Ｄ）|3-051200982013;无人区|3-001105262013;四大名捕２（数字３Ｄ）|3-001103052013","0","","","null","http://pic.spider.com.cn/pic/filmpic/jdt/1361770585347.jpg","null"
"11088801","3-11088801","北京市","110000","北京博纳影城-顺景店","新顺南大街18号新世界百货七层","","电影院","250","40.125914000000","116.652792000000",,"0","null","森林战士（数字３Ｄ中）|3-051201002013;扫毒|3-001105232013;风暴（数字３Ｄ）|3-001205962013;无人区|3-001105262013;四大名捕２（３Ｄ）|3-001103052013","0","","","null","http://pic.spider.com.cn/pic/filmpic/jdt/1377154785595.jpg","null"
"11089201","3-11089201","北京市","110000","北京保利国际影城-龙旗广场店","昌平区黄平路19号院3号楼3楼(育新地铁站北)","","电影院","250","40.073356300000","116.361737500000",,"0","null","饥饿游戏２（英语）|3-051100992013;四大名捕２（３Ｄ）|3-001103052013;森林战士（国语３Ｄ）|3-051201002013;风暴（３Ｄ）|3-001205962013;无人区|3-001105262013;地心引力（英语３Ｄ）|3-051200982013;扫毒|3-001105232013","0","","","null","http://pic.spider.com.cn/pic/filmpic/jdt/1375949414534.jpg","null"
"11059901","3-11059901","北京市","110000","北京橙天嘉禾影城-凤凰城店","北京朝阳区曙光西里甲5号院24号楼1311","","电影院","250","39.9464742","116.28152790000001",,"0","null","风暴（数字３Ｄ国语）|3-001205962013;无人区（数字２Ｄ国语）|3-001105262013;四大名捕２（数字３Ｄ国语）|3-001103052013;地心引力（数字３Ｄ原版）|3-051200982013","0","","","null","http://pic.spider.com.cn/pic/filmpic/jdt/1366707650192.jpg","null"
"11069901","3-11069901","北京市","110000","北京博纳影城-晶品店","复兴路51号凯德晶品购物中心四层","","电影院","250","39.908948","116.29646100000002",,"0","null","风暴（３Ｄ）|3-001205962013;无人区|3-001105262013;扫毒|3-001105232013;四大名捕２（３Ｄ）|3-001103052013;地心引力（３Ｄ英）|3-051200982013","0","","","null","http://pic.spider.com.cn/pic/filmpic/jdt/1365407558895.jpg","null"
